{
  "folds": [
    {
      "fold": 1,
      "train_size": 64,
      "test_size": 16,
      "scores": {
        "NOME": {
          "tp": 7,
          "fp": 3,
          "fn": 1,
          "p": 0.7,
          "r": 0.875,
          "f1": 0.7777777777777777
        },
        "ETÀ": {
          "tp": 15,
          "fp": 1,
          "fn": 5,
          "p": 0.9375,
          "r": 0.75,
          "f1": 0.8333333333333334
        },
        "DATA": {
          "tp": 8,
          "fp": 9,
          "fn": 0,
          "p": 0.47058823529411764,
          "r": 1.0,
          "f1": 0.6399999999999999
        },
        "LUOGO/INDIRIZZO": {
          "tp": 1,
          "fp": 1,
          "fn": 7,
          "p": 0.5,
          "r": 0.125,
          "f1": 0.2
        }
      },
      "macro_f1": 0.6127777777777778
    },
    {
      "fold": 2,
      "train_size": 64,
      "test_size": 16,
      "scores": {
        "NOME": {
          "tp": 3,
          "fp": 3,
          "fn": 6,
          "p": 0.5,
          "r": 0.3333333333333333,
          "f1": 0.4
        },
        "ETÀ": {
          "tp": 15,
          "fp": 0,
          "fn": 4,
          "p": 1.0,
          "r": 0.7894736842105263,
          "f1": 0.8823529411764706
        },
        "DATA": {
          "tp": 6,
          "fp": 1,
          "fn": 0,
          "p": 0.8571428571428571,
          "r": 1.0,
          "f1": 0.923076923076923
        },
        "LUOGO/INDIRIZZO": {
          "tp": 3,
          "fp": 0,
          "fn": 2,
          "p": 1.0,
          "r": 0.6,
          "f1": 0.7499999999999999
        }
      },
      "macro_f1": 0.7388574660633483
    },
    {
      "fold": 3,
      "train_size": 64,
      "test_size": 16,
      "scores": {
        "NOME": {
          "tp": 5,
          "fp": 0,
          "fn": 4,
          "p": 1.0,
          "r": 0.5555555555555556,
          "f1": 0.7142857142857143
        },
        "ETÀ": {
          "tp": 12,
          "fp": 1,
          "fn": 9,
          "p": 0.9230769230769231,
          "r": 0.5714285714285714,
          "f1": 0.7058823529411765
        },
        "DATA": {
          "tp": 10,
          "fp": 0,
          "fn": 3,
          "p": 1.0,
          "r": 0.7692307692307693,
          "f1": 0.8695652173913044
        },
        "LUOGO/INDIRIZZO": {
          "tp": 6,
          "fp": 3,
          "fn": 5,
          "p": 0.6666666666666666,
          "r": 0.5454545454545454,
          "f1": 0.6
        }
      },
      "macro_f1": 0.7224333211545488
    },
    {
      "fold": 4,
      "train_size": 64,
      "test_size": 16,
      "scores": {
        "NOME": {
          "tp": 2,
          "fp": 0,
          "fn": 8,
          "p": 1.0,
          "r": 0.2,
          "f1": 0.33333333333333337
        },
        "ETÀ": {
          "tp": 8,
          "fp": 1,
          "fn": 11,
          "p": 0.8888888888888888,
          "r": 0.42105263157894735,
          "f1": 0.5714285714285714
        },
        "DATA": {
          "tp": 5,
          "fp": 0,
          "fn": 11,
          "p": 1.0,
          "r": 0.3125,
          "f1": 0.47619047619047616
        },
        "LUOGO/INDIRIZZO": {
          "tp": 4,
          "fp": 2,
          "fn": 2,
          "p": 0.6666666666666666,
          "r": 0.6666666666666666,
          "f1": 0.6666666666666666
        }
      },
      "macro_f1": 0.5119047619047619
    },
    {
      "fold": 5,
      "train_size": 64,
      "test_size": 16,
      "scores": {
        "NOME": {
          "tp": 7,
          "fp": 2,
          "fn": 3,
          "p": 0.7777777777777778,
          "r": 0.7,
          "f1": 0.7368421052631577
        },
        "ETÀ": {
          "tp": 11,
          "fp": 0,
          "fn": 8,
          "p": 1.0,
          "r": 0.5789473684210527,
          "f1": 0.7333333333333334
        },
        "DATA": {
          "tp": 0,
          "fp": 3,
          "fn": 4,
          "p": 0.0,
          "r": 0.0,
          "f1": 0
        },
        "LUOGO/INDIRIZZO": {
          "tp": 1,
          "fp": 0,
          "fn": 3,
          "p": 1.0,
          "r": 0.25,
          "f1": 0.4
        }
      },
      "macro_f1": 0.4675438596491228
    }
  ],
  "config": {
    "seed": 42,
    "model_id": "google/gemma-3-1b-it",
    "model_size": "1b",
    "version": "gemma1b"
  },
  "aggregate": {
    "per_category": {
      "NOME": {
        "p_mean": 0.7955555555555556,
        "p_std": 0.18994476130096088,
        "r_mean": 0.5327777777777778,
        "r_std": 0.24335869984474248,
        "f1_mean": 0.5924477861319966,
        "f1_std": 0.18666432759036994
      },
      "ETÀ": {
        "p_mean": 0.9498931623931626,
        "p_std": 0.04385342153326081,
        "r_mean": 0.6221804511278195,
        "r_std": 0.13358301945904158,
        "f1_mean": 0.7452661064425771,
        "f1_std": 0.10813102829740148
      },
      "DATA": {
        "p_mean": 0.6655462184873949,
        "p_std": 0.3850683887399473,
        "r_mean": 0.6163461538461539,
        "r_std": 0.39748190387151644,
        "f1_mean": 0.5817665233317408,
        "f1_std": 0.3323584223337674
      },
      "LUOGO/INDIRIZZO": {
        "p_mean": 0.7666666666666666,
        "p_std": 0.2,
        "r_mean": 0.4374242424242424,
        "r_std": 0.21137183648696303,
        "f1_mean": 0.5233333333333332,
        "f1_std": 0.19877402021167428
      }
    },
    "macro_f1_mean": 0.6107034373099118,
    "macro_f1_std": 0.1087815865446694,
    "fold_macros": [
      0.6127777777777778,
      0.7388574660633483,
      0.7224333211545488,
      0.5119047619047619,
      0.4675438596491228
    ]
  }
}