{
  "folds": [
    {
      "fold": 1,
      "train_size": 64,
      "test_size": 16,
      "scores": {
        "NOME": {
          "tp": 8,
          "fp": 3,
          "fn": 0,
          "p": 0.7272727272727273,
          "r": 1.0,
          "f1": 0.8421052631578948
        },
        "ETÀ": {
          "tp": 11,
          "fp": 14,
          "fn": 9,
          "p": 0.44,
          "r": 0.55,
          "f1": 0.48888888888888893
        },
        "DATA": {
          "tp": 8,
          "fp": 11,
          "fn": 0,
          "p": 0.42105263157894735,
          "r": 1.0,
          "f1": 0.5925925925925926
        },
        "LUOGO/INDIRIZZO": {
          "tp": 5,
          "fp": 9,
          "fn": 3,
          "p": 0.35714285714285715,
          "r": 0.625,
          "f1": 0.45454545454545453
        }
      },
      "macro_f1": 0.5945330497962077
    },
    {
      "fold": 2,
      "train_size": 64,
      "test_size": 16,
      "scores": {
        "NOME": {
          "tp": 9,
          "fp": 18,
          "fn": 0,
          "p": 0.3333333333333333,
          "r": 1.0,
          "f1": 0.5
        },
        "ETÀ": {
          "tp": 17,
          "fp": 16,
          "fn": 2,
          "p": 0.5151515151515151,
          "r": 0.8947368421052632,
          "f1": 0.6538461538461537
        },
        "DATA": {
          "tp": 3,
          "fp": 0,
          "fn": 3,
          "p": 1.0,
          "r": 0.5,
          "f1": 0.6666666666666666
        },
        "LUOGO/INDIRIZZO": {
          "tp": 3,
          "fp": 0,
          "fn": 2,
          "p": 1.0,
          "r": 0.6,
          "f1": 0.7499999999999999
        }
      },
      "macro_f1": 0.6426282051282051
    },
    {
      "fold": 3,
      "train_size": 64,
      "test_size": 16,
      "scores": {
        "NOME": {
          "tp": 5,
          "fp": 9,
          "fn": 4,
          "p": 0.35714285714285715,
          "r": 0.5555555555555556,
          "f1": 0.43478260869565216
        },
        "ETÀ": {
          "tp": 8,
          "fp": 17,
          "fn": 13,
          "p": 0.32,
          "r": 0.38095238095238093,
          "f1": 0.34782608695652173
        },
        "DATA": {
          "tp": 5,
          "fp": 6,
          "fn": 8,
          "p": 0.45454545454545453,
          "r": 0.38461538461538464,
          "f1": 0.41666666666666663
        },
        "LUOGO/INDIRIZZO": {
          "tp": 8,
          "fp": 6,
          "fn": 3,
          "p": 0.5714285714285714,
          "r": 0.7272727272727273,
          "f1": 0.64
        }
      },
      "macro_f1": 0.4598188405797101
    },
    {
      "fold": 4,
      "train_size": 64,
      "test_size": 16,
      "scores": {
        "NOME": {
          "tp": 6,
          "fp": 7,
          "fn": 4,
          "p": 0.46153846153846156,
          "r": 0.6,
          "f1": 0.5217391304347826
        },
        "ETÀ": {
          "tp": 8,
          "fp": 7,
          "fn": 11,
          "p": 0.5333333333333333,
          "r": 0.42105263157894735,
          "f1": 0.47058823529411764
        },
        "DATA": {
          "tp": 14,
          "fp": 0,
          "fn": 2,
          "p": 1.0,
          "r": 0.875,
          "f1": 0.9333333333333333
        },
        "LUOGO/INDIRIZZO": {
          "tp": 5,
          "fp": 1,
          "fn": 1,
          "p": 0.8333333333333334,
          "r": 0.8333333333333334,
          "f1": 0.8333333333333334
        }
      },
      "macro_f1": 0.6897485080988918
    },
    {
      "fold": 5,
      "train_size": 64,
      "test_size": 16,
      "scores": {
        "NOME": {
          "tp": 9,
          "fp": 8,
          "fn": 1,
          "p": 0.5294117647058824,
          "r": 0.9,
          "f1": 0.6666666666666667
        },
        "ETÀ": {
          "tp": 10,
          "fp": 30,
          "fn": 9,
          "p": 0.25,
          "r": 0.5263157894736842,
          "f1": 0.3389830508474576
        },
        "DATA": {
          "tp": 0,
          "fp": 4,
          "fn": 4,
          "p": 0.0,
          "r": 0.0,
          "f1": 0
        },
        "LUOGO/INDIRIZZO": {
          "tp": 3,
          "fp": 31,
          "fn": 1,
          "p": 0.08823529411764706,
          "r": 0.75,
          "f1": 0.15789473684210525
        }
      },
      "macro_f1": 0.2908861135890574
    }
  ],
  "config": {
    "seed": 42,
    "synth_named": "./data/synthetic_v2_1000.json",
    "synth_noname": "./data/synthetic_v2_noname_400.json",
    "gold": "./data/gold_standard_80.json"
  },
  "aggregate": {
    "per_category": {
      "NOME": {
        "p_mean": 0.48173982879865235,
        "p_std": 0.1417857582322691,
        "r_mean": 0.8111111111111111,
        "r_std": 0.19449205766258723,
        "f1_mean": 0.5930587337909993,
        "f1_std": 0.1457669695814486
      },
      "ETÀ": {
        "p_mean": 0.41169696969696973,
        "p_std": 0.11032094426627091,
        "r_mean": 0.5546115288220551,
        "r_std": 0.18138501728145268,
        "f1_mean": 0.4600264831666279,
        "f1_std": 0.11467440449525705
      },
      "DATA": {
        "p_mean": 0.5751196172248804,
        "p_std": 0.3821214514321398,
        "r_mean": 0.551923076923077,
        "r_std": 0.35789903042105514,
        "f1_mean": 0.5218518518518518,
        "f1_std": 0.3094142437109971
      },
      "LUOGO/INDIRIZZO": {
        "p_mean": 0.5700280112044818,
        "p_std": 0.3260833870152999,
        "r_mean": 0.7071212121212122,
        "r_std": 0.08531473626554074,
        "f1_mean": 0.5671547049441786,
        "f1_std": 0.2407340715034847
      }
    },
    "macro_f1_mean": 0.5355229434384143,
    "macro_f1_std": 0.1444420605206283,
    "fold_macros": [
      0.5945330497962077,
      0.6426282051282051,
      0.4598188405797101,
      0.6897485080988918,
      0.2908861135890574
    ]
  }
}