{
  "folds": [
    {
      "fold": 1,
      "train_size": 64,
      "test_size": 16,
      "scores": {
        "NOME": {
          "tp": 8,
          "fp": 3,
          "fn": 0,
          "p": 0.7272727272727273,
          "r": 1.0,
          "f1": 0.8421052631578948
        },
        "ETÀ": {
          "tp": 11,
          "fp": 4,
          "fn": 9,
          "p": 0.7333333333333333,
          "r": 0.55,
          "f1": 0.6285714285714286
        },
        "DATA": {
          "tp": 8,
          "fp": 8,
          "fn": 0,
          "p": 0.5,
          "r": 1.0,
          "f1": 0.6666666666666666
        },
        "LUOGO/INDIRIZZO": {
          "tp": 4,
          "fp": 3,
          "fn": 4,
          "p": 0.5714285714285714,
          "r": 0.5,
          "f1": 0.5333333333333333
        }
      },
      "macro_f1": 0.6676691729323309
    },
    {
      "fold": 2,
      "train_size": 64,
      "test_size": 16,
      "scores": {
        "NOME": {
          "tp": 9,
          "fp": 13,
          "fn": 0,
          "p": 0.4090909090909091,
          "r": 1.0,
          "f1": 0.5806451612903226
        },
        "ETÀ": {
          "tp": 15,
          "fp": 6,
          "fn": 4,
          "p": 0.7142857142857143,
          "r": 0.7894736842105263,
          "f1": 0.7500000000000001
        },
        "DATA": {
          "tp": 3,
          "fp": 0,
          "fn": 3,
          "p": 1.0,
          "r": 0.5,
          "f1": 0.6666666666666666
        },
        "LUOGO/INDIRIZZO": {
          "tp": 3,
          "fp": 0,
          "fn": 2,
          "p": 1.0,
          "r": 0.6,
          "f1": 0.7499999999999999
        }
      },
      "macro_f1": 0.6868279569892473
    },
    {
      "fold": 3,
      "train_size": 64,
      "test_size": 16,
      "scores": {
        "NOME": {
          "tp": 7,
          "fp": 1,
          "fn": 2,
          "p": 0.875,
          "r": 0.7777777777777778,
          "f1": 0.823529411764706
        },
        "ETÀ": {
          "tp": 9,
          "fp": 6,
          "fn": 12,
          "p": 0.6,
          "r": 0.42857142857142855,
          "f1": 0.5
        },
        "DATA": {
          "tp": 7,
          "fp": 0,
          "fn": 6,
          "p": 1.0,
          "r": 0.5384615384615384,
          "f1": 0.7000000000000001
        },
        "LUOGO/INDIRIZZO": {
          "tp": 9,
          "fp": 0,
          "fn": 2,
          "p": 1.0,
          "r": 0.8181818181818182,
          "f1": 0.9
        }
      },
      "macro_f1": 0.7308823529411765
    },
    {
      "fold": 4,
      "train_size": 64,
      "test_size": 16,
      "scores": {
        "NOME": {
          "tp": 5,
          "fp": 9,
          "fn": 5,
          "p": 0.35714285714285715,
          "r": 0.5,
          "f1": 0.41666666666666663
        },
        "ETÀ": {
          "tp": 9,
          "fp": 6,
          "fn": 10,
          "p": 0.6,
          "r": 0.47368421052631576,
          "f1": 0.5294117647058824
        },
        "DATA": {
          "tp": 2,
          "fp": 2,
          "fn": 14,
          "p": 0.5,
          "r": 0.125,
          "f1": 0.2
        },
        "LUOGO/INDIRIZZO": {
          "tp": 5,
          "fp": 0,
          "fn": 1,
          "p": 1.0,
          "r": 0.8333333333333334,
          "f1": 0.9090909090909091
        }
      },
      "macro_f1": 0.5137923351158645
    },
    {
      "fold": 5,
      "train_size": 64,
      "test_size": 16,
      "scores": {
        "NOME": {
          "tp": 10,
          "fp": 2,
          "fn": 0,
          "p": 0.8333333333333334,
          "r": 1.0,
          "f1": 0.9090909090909091
        },
        "ETÀ": {
          "tp": 6,
          "fp": 8,
          "fn": 13,
          "p": 0.42857142857142855,
          "r": 0.3157894736842105,
          "f1": 0.36363636363636365
        },
        "DATA": {
          "tp": 2,
          "fp": 3,
          "fn": 2,
          "p": 0.4,
          "r": 0.5,
          "f1": 0.4444444444444445
        },
        "LUOGO/INDIRIZZO": {
          "tp": 3,
          "fp": 0,
          "fn": 1,
          "p": 1.0,
          "r": 0.75,
          "f1": 0.8571428571428571
        }
      },
      "macro_f1": 0.6435786435786436
    }
  ],
  "config": {
    "seed": 42,
    "version": "v4",
    "synth_named": [
      "./data/synthetic_v2_1000.json",
      "./data/synthetic_v4_named_more.json"
    ],
    "synth_noname": [
      "./data/synthetic_v2_noname_400.json",
      "./data/synthetic_v4_noname_more.json"
    ]
  },
  "aggregate": {
    "per_category": {
      "NOME": {
        "p_mean": 0.6403679653679655,
        "p_std": 0.2161230210970624,
        "r_mean": 0.8555555555555555,
        "r_std": 0.19751543149590198,
        "f1_mean": 0.7144074823940998,
        "f1_std": 0.18582675114691158
      },
      "ETÀ": {
        "p_mean": 0.6152380952380951,
        "p_std": 0.10868832470618747,
        "r_mean": 0.5115037593984962,
        "r_std": 0.15834229444239656,
        "f1_mean": 0.554323911382735,
        "f1_std": 0.1294104081832138
      },
      "DATA": {
        "p_mean": 0.6799999999999999,
        "p_std": 0.2638181191654584,
        "r_mean": 0.5326923076923077,
        "r_std": 0.27812240291986035,
        "f1_mean": 0.5355555555555556,
        "f1_std": 0.1909560094128074
      },
      "LUOGO/INDIRIZZO": {
        "p_mean": 0.9142857142857143,
        "p_std": 0.17142857142857146,
        "r_mean": 0.7003030303030304,
        "r_std": 0.12980312845976816,
        "f1_mean": 0.7899134199134199,
        "f1_std": 0.14019168890531716
      }
    },
    "macro_f1_mean": 0.6485500923114526,
    "macro_f1_std": 0.07320342032359965,
    "fold_macros": [
      0.6676691729323309,
      0.6868279569892473,
      0.7308823529411765,
      0.5137923351158645,
      0.6435786435786436
    ]
  }
}